{
	"IcoMoonType": "selection",
	"icons": [
		{
			"icon": {
				"paths": [
					"M832 694.857q0-22.857-16-38.857l-118.857-118.857q-16-16-38.857-16-24 0-41.143 18.286 1.714 1.714 10.857 10.571t12.286 12.286 8.571 10.857 7.429 14.571 2 15.714q0 22.857-16 38.857t-38.857 16q-8.571 0-15.714-2t-14.571-7.429-10.857-8.571-12.286-12.286-10.571-10.857q-18.857 17.714-18.857 41.714 0 22.857 16 38.857l117.714 118.286q15.429 15.429 38.857 15.429 22.857 0 38.857-14.857l84-83.429q16-16 16-38.286zM430.286 292q0-22.857-16-38.857l-117.714-118.286q-16-16-38.857-16-22.286 0-38.857 15.429l-84 83.429q-16 16-16 38.286 0 22.857 16 38.857l118.857 118.857q15.429 15.429 38.857 15.429 24 0 41.143-17.714-1.714-1.714-10.857-10.571t-12.286-12.286-8.571-10.857-7.429-14.571-2-15.714q0-22.857 16-38.857t38.857-16q8.571 0 15.714 2t14.571 7.429 10.857 8.571 12.286 12.286 10.571 10.857q18.857-17.714 18.857-41.714zM941.714 694.857q0 68.571-48.571 116l-84 83.429q-47.429 47.429-116 47.429-69.143 0-116.571-48.571l-117.714-118.286q-47.429-47.429-47.429-116 0-70.286 50.286-119.429l-50.286-50.286q-49.143 50.286-118.857 50.286-68.571 0-116.571-48l-118.857-118.857q-48-48-48-116.571t48.571-116l84-83.429q47.429-47.429 116-47.429 69.143 0 116.571 48.571l117.714 118.286q47.429 47.429 47.429 116 0 70.286-50.286 119.429l50.286 50.286q49.143-50.286 118.857-50.286 68.571 0 116.571 48l118.857 118.857q48 48 48 116.571z"
				],
				"width": 950.8579864501953,
				"attrs": [],
				"isMulticolor": false,
				"isMulticolor2": false,
				"tags": [
					"chain",
					"link"
				],
				"defaultCode": 61633,
				"grid": 14
			},
			"attrs": [],
			"properties": {
				"name": "chain, link",
				"id": 169,
				"order": 6,
				"prevSize": 32,
				"code": 61633
			},
			"setIdx": 0,
			"setId": 2,
			"iconIdx": 169
		},
		{
			"icon": {
				"paths": [
					"M658.286 475.429q0-105.714-75.143-180.857t-180.857-75.143-180.857 75.143-75.143 180.857 75.143 180.857 180.857 75.143 180.857-75.143 75.143-180.857zM950.857 950.857q0 29.714-21.714 51.429t-51.429 21.714q-30.857 0-51.429-21.714l-196-195.429q-102.286 70.857-228 70.857-81.714 0-156.286-31.714t-128.571-85.714-85.714-128.571-31.714-156.286 31.714-156.286 85.714-128.571 128.571-85.714 156.286-31.714 156.286 31.714 128.571 85.714 85.714 128.571 31.714 156.286q0 125.714-70.857 228l196 196q21.143 21.143 21.143 51.429z"
				],
				"width": 950.8559875488281,
				"attrs": [],
				"isMulticolor": false,
				"tags": [
					"search"
				],
				"defaultCode": 61442,
				"grid": 14
			},
			"attrs": [],
			"properties": {
				"name": "search",
				"id": 0,
				"order": 3,
				"prevSize": 32,
				"code": 61442
			},
			"setIdx": 1,
			"setId": 1,
			"iconIdx": 0
		},
		{
			"icon": {
				"paths": [
					"M804.571 420.571v109.714q0 22.857-16 38.857t-38.857 16h-237.714v237.714q0 22.857-16 38.857t-38.857 16h-109.714q-22.857 0-38.857-16t-16-38.857v-237.714h-237.714q-22.857 0-38.857-16t-16-38.857v-109.714q0-22.857 16-38.857t38.857-16h237.714v-237.714q0-22.857 16-38.857t38.857-16h109.714q22.857 0 38.857 16t16 38.857v237.714h237.714q22.857 0 38.857 16t16 38.857z"
				],
				"width": 804.5719833374023,
				"attrs": [],
				"isMulticolor": false,
				"tags": [
					"plus"
				],
				"defaultCode": 61543,
				"grid": 14
			},
			"attrs": [],
			"properties": {
				"name": "plus",
				"id": 1,
				"order": 1,
				"prevSize": 32,
				"code": 61543
			},
			"setIdx": 1,
			"setId": 1,
			"iconIdx": 1
		},
		{
			"icon": {
				"paths": [
					"M804.571 420.571v109.714q0 22.857-16 38.857t-38.857 16h-694.857q-22.857 0-38.857-16t-16-38.857v-109.714q0-22.857 16-38.857t38.857-16h694.857q22.857 0 38.857 16t16 38.857z"
				],
				"width": 804.5709762573242,
				"attrs": [],
				"isMulticolor": false,
				"tags": [
					"minus"
				],
				"defaultCode": 61544,
				"grid": 14
			},
			"attrs": [],
			"properties": {
				"name": "minus",
				"id": 2,
				"order": 2,
				"prevSize": 32,
				"code": 61544
			},
			"setIdx": 1,
			"setId": 1,
			"iconIdx": 2
		},
		{
			"icon": {
				"paths": [
					"M877.714 768v73.143q0 14.857-10.857 25.714t-25.714 10.857h-804.571q-14.857 0-25.714-10.857t-10.857-25.714v-73.143q0-14.857 10.857-25.714t25.714-10.857h804.571q14.857 0 25.714 10.857t10.857 25.714zM877.714 475.429v73.143q0 14.857-10.857 25.714t-25.714 10.857h-804.571q-14.857 0-25.714-10.857t-10.857-25.714v-73.143q0-14.857 10.857-25.714t25.714-10.857h804.571q14.857 0 25.714 10.857t10.857 25.714zM877.714 182.857v73.143q0 14.857-10.857 25.714t-25.714 10.857h-804.571q-14.857 0-25.714-10.857t-10.857-25.714v-73.143q0-14.857 10.857-25.714t25.714-10.857h804.571q14.857 0 25.714 10.857t10.857 25.714z"
				],
				"width": 877.7149925231934,
				"attrs": [],
				"isMulticolor": false,
				"tags": [
					"bars",
					"navicon",
					"reorder"
				],
				"defaultCode": 61641,
				"grid": 14
			},
			"attrs": [],
			"properties": {
				"name": "bars, navicon, reorder",
				"id": 3,
				"order": 4,
				"prevSize": 32,
				"code": 61641
			},
			"setIdx": 1,
			"setId": 1,
			"iconIdx": 3
		},
		{
			"icon": {
				"paths": [
					"M804.571 531.429v181.714q0 68-48.286 116.286t-116.286 48.286h-475.429q-68 0-116.286-48.286t-48.286-116.286v-475.429q0-68 48.286-116.286t116.286-48.286h475.429q36 0 66.857 14.286 8.571 4 10.286 13.143 1.714 9.714-5.143 16.571l-28 28q-5.714 5.714-13.143 5.714-1.714 0-5.143-1.143-13.143-3.429-25.714-3.429h-475.429q-37.714 0-64.571 26.857t-26.857 64.571v475.429q0 37.714 26.857 64.571t64.571 26.857h475.429q37.714 0 64.571-26.857t26.857-64.571v-145.143q0-7.429 5.143-12.571l36.571-36.571q5.714-5.714 13.143-5.714 3.429 0 6.857 1.714 11.429 4.571 11.429 16.571zM936.571 252l-465.143 465.143q-13.714 13.714-32.571 13.714t-32.571-13.714l-245.714-245.714q-13.714-13.714-13.714-32.571t13.714-32.571l62.857-62.857q13.714-13.714 32.571-13.714t32.571 13.714l150.286 150.286 369.714-369.714q13.714-13.714 32.571-13.714t32.571 13.714l62.857 62.857q13.714 13.714 13.714 32.571t-13.714 32.571z"
				],
				"width": 950.2818908691406,
				"attrs": [],
				"isMulticolor": false,
				"tags": [
					"check-square-o"
				],
				"defaultCode": 61510,
				"grid": 14
			},
			"attrs": [],
			"properties": {
				"name": "check-square-o",
				"id": 66,
				"order": 5,
				"prevSize": 32,
				"code": 61510
			},
			"setIdx": 1,
			"setId": 1,
			"iconIdx": 4
		}
	],
	"height": 1024,
	"metadata": {
		"name": "icomoon"
	},
	"preferences": {
		"showGlyphs": true,
		"showCodes": true,
		"showQuickUse": true,
		"showQuickUse2": true,
		"showSVGs": true,
		"fontPref": {
			"prefix": "icon-",
			"metadata": {
				"fontFamily": "icomoon"
			},
			"metrics": {
				"emSize": 1024,
				"baseline": 6.25,
				"whitespace": 50
			},
			"embed": false
		},
		"imagePref": {
			"prefix": "icon-",
			"png": true,
			"useClassSelector": true,
			"color": 0,
			"bgColor": 16777215
		},
		"historySize": 100
	}
}