{
	"IcoMoonType": "selection",
	"icons": [
		{
			"icon": {
				"paths": [
					"M804.571 420.571v109.714q0 22.857-16 38.857t-38.857 16h-237.714v237.714q0 22.857-16 38.857t-38.857 16h-109.714q-22.857 0-38.857-16t-16-38.857v-237.714h-237.714q-22.857 0-38.857-16t-16-38.857v-109.714q0-22.857 16-38.857t38.857-16h237.714v-237.714q0-22.857 16-38.857t38.857-16h109.714q22.857 0 38.857 16t16 38.857v237.714h237.714q22.857 0 38.857 16t16 38.857z"
				],
				"width": 804.5719833374023,
				"attrs": [],
				"isMulticolor": false,
				"tags": [
					"plus"
				],
				"defaultCode": 61543,
				"grid": 14
			},
			"attrs": [],
			"properties": {
				"name": "plus",
				"id": 97,
				"order": 1,
				"prevSize": 28,
				"code": 61543
			},
			"setIdx": 0,
			"setId": 0,
			"iconIdx": 97
		},
		{
			"icon": {
				"paths": [
					"M804.571 420.571v109.714q0 22.857-16 38.857t-38.857 16h-694.857q-22.857 0-38.857-16t-16-38.857v-109.714q0-22.857 16-38.857t38.857-16h694.857q22.857 0 38.857 16t16 38.857z"
				],
				"width": 804.5709762573242,
				"attrs": [],
				"isMulticolor": false,
				"tags": [
					"minus"
				],
				"defaultCode": 61544,
				"grid": 14
			},
			"attrs": [],
			"properties": {
				"name": "minus",
				"id": 98,
				"order": 2,
				"prevSize": 28,
				"code": 61544
			},
			"setIdx": 0,
			"setId": 0,
			"iconIdx": 98
		}
	],
	"height": 1024,
	"metadata": {
		"name": "icomoon"
	},
	"preferences": {
		"showGlyphs": true,
		"showCodes": true,
		"showQuickUse": true,
		"showQuickUse2": true,
		"showSVGs": true,
		"fontPref": {
			"prefix": "icon-",
			"metadata": {
				"fontFamily": "icomoon"
			},
			"metrics": {
				"emSize": 1024,
				"baseline": 6.25,
				"whitespace": 50
			},
			"embed": false
		},
		"imagePref": {
			"prefix": "icon-",
			"png": true,
			"useClassSelector": true,
			"color": 0,
			"bgColor": 16777215
		},
		"historySize": 100
	}
}